Matricula;Cod;Data Inicio;Hora Inicio;Data Fim;Hora Fim
032451;164;13/02/2025;00:00;13/04/2025;24:00
033564;172;02/01/2025;00:00;03/01/2025;24:00
033454;172;02/01/2025;00:00;03/01/2025;24:00
028750;115;02/01/2025;00:00;01/01/2027;24:00
033743;279;02/01/2025;00:00;02/01/2025;24:00
029814;279;07/01/2025;00:00;07/01/2025;24:00
029796;279;07/01/2025;00:00;07/01/2025;24:00
029255;279;07/01/2025;00:00;07/01/2025;24:00
028406;169;06/01/2025;00:00;06/01/2025;24:00
030948;169;06/01/2025;00:00;06/01/2025;24:00
033681;167;07/01/2025;00:00;08/01/2025;24:00
029802;169;28/01/2025;00:00;30/01/2025;24:00
029802;172;31/01/2025;00:00;31/01/2025;24:00
029802;172;03/02/2025;00:00;04/02/2025;24:00
021061;292;03/01/2025;00:00;03/01/2025;24:00
032758;140;02/01/2025;00:00;15/01/2025;24:00
030946;166;02/01/2025;00:00;03/01/2025;24:00
033557;279;02/01/2025;00:00;02/01/2025;24:00
033753;279;03/01/2025;00:00;03/01/2025;24:00
030928;169;01/01/2025;00:00;02/01/2025;24:00
031003;279;08/01/2025;00:00;08/01/2025;24:00
022530;169;09/01/2025;00:00;09/01/2025;24:00
033842;169;08/01/2025;00:00;08/01/2025;24:00
033707;166;08/01/2025;00:00;06/02/2025;24:00
032537;279;07/01/2025;00:00;07/01/2025;24:00
033412;279;08/01/2025;00:00;08/01/2025;24:00
033828;279;08/01/2025;00:00;08/01/2025;24:00
033554;279;10/01/2025;00:00;10/01/2025;24:00
032537;169;08/01/2025;00:00;08/01/2025;24:00
026047;279;13/01/2025;00:00;13/01/2025;24:00
033552;169;07/01/2025;00:00;07/01/2025;24:00
030944;169;08/01/2025;00:00;08/01/2025;24:00
031806;169;10/01/2025;00:00;10/01/2025;24:00
031251;172;10/01/2025;00:00;10/01/2025;24:00
030944;172;16/01/2025;00:00;17/01/2025;24:00
003381;279;15/01/2025;00:00;15/01/2025;24:00
003381;279;14/01/2025;00:00;14/01/2025;24:00
029675;173;10/01/2025;00:00;10/01/2025;24:00
029675;279;08/01/2025;00:00;08/01/2025;24:00
033807;167;05/01/2025;00:00;06/01/2025;24:00
028463;166;08/01/2025;00:00;09/01/2025;24:00
033462;166;07/01/2025;00:00;18/01/2025;24:00
033740;167;06/01/2025;00:00;07/01/2025;24:00
031003;169;14/01/2025;00:00;14/01/2025;24:00
031256;166;06/01/2025;00:00;04/07/2025;24:00
033301;166;02/01/2025;00:00;06/01/2025;24:00
029427;279;07/01/2025;00:00;07/01/2025;24:00
031253;169;06/01/2025;00:00;06/01/2025;24:00
031253;169;02/01/2025;00:00;02/01/2025;24:00
028453;169;02/01/2025;00:00;02/01/2025;24:00
031542;172;20/01/2025;00:00;23/01/2025;24:00
029806;279;13/01/2025;00:00;13/01/2025;24:00
029814;279;10/01/2025;00:00;10/01/2025;24:00
033542;279;13/01/2025;00:00;13/01/2025;24:00
031004;169;15/01/2025;00:00;15/01/2025;24:00
030938;279;13/01/2025;00:00;13/01/2025;24:00
011791;166;06/01/2025;00:00;13/01/2025;24:00
013484;172;17/01/2025;00:00;17/01/2025;24:00
029790;169;10/01/2025;00:00;10/01/2025;24:00
033584;107;09/01/2025;00:00;08/05/2025;24:00
033051;167;08/01/2025;00:00;15/01/2025;24:00
031325;167;08/01/2025;00:00;15/01/2025;24:00
031590;167;09/01/2025;00:00;09/01/2025;24:00
032787;166;13/01/2025;00:00;14/01/2025;24:00
033596;115;01/01/2025;00:00;30/12/2028;24:00
031520;279;15/01/2025;00:00;15/01/2025;24:00
029740;279;13/01/2025;00:00;13/01/2025;24:00
028796;169;15/01/2025;00:00;15/01/2025;24:00
033732;169;13/01/2025;00:00;17/01/2025;24:00
033732;169;09/01/2025;00:00;10/01/2025;24:00
033355;169;10/01/2025;00:00;10/01/2025;24:00
033717;285;13/01/2025;00:00;14/01/2025;24:00
028796;172;17/01/2025;00:00;17/01/2025;24:00
031003;169;17/01/2025;00:00;17/01/2025;24:00
032758;140;16/01/2025;00:00;29/01/2025;24:00
033641;105;06/01/2025;00:00;07/04/2025;24:00
033723;140;06/01/2025;00:00;10/01/2025;24:00
029796;166;15/01/2025;00:00;17/01/2025;24:00
033652;140;15/01/2025;00:00;19/01/2025;24:00
033561;140;13/01/2025;00:00;15/01/2025;24:00
029732;166;13/01/2025;00:00;14/01/2025;24:00
033721;140;16/01/2025;00:00;20/01/2025;24:00
028400;279;16/01/2025;00:00;16/01/2025;24:00
032868;279;16/01/2025;00:00;16/01/2025;24:00
013417;279;17/01/2025;00:00;17/01/2025;24:00
033606;169;17/01/2025;00:00;17/01/2025;24:00
033815;169;17/01/2025;00:00;17/01/2025;24:00
033648;279;13/01/2025;00:00;13/01/2025;24:00
033051;368;16/01/2025;00:00;17/01/2025;24:00
016165;172;17/01/2025;00:00;17/01/2025;24:00
029712;173;10/01/2025;00:00;10/01/2025;24:00
031520;173;10/01/2025;00:00;10/01/2025;24:00
028752;279;14/01/2025;00:00;14/01/2025;24:00
031126;279;14/01/2025;00:00;14/01/2025;24:00
031126;279;09/01/2025;00:00;09/01/2025;24:00
033575;279;16/01/2025;00:00;16/01/2025;24:00
018150;279;17/01/2025;00:00;17/01/2025;24:00
033304;169;17/01/2025;00:00;17/01/2025;24:00
030268;279;17/01/2025;00:00;17/01/2025;24:00
031407;279;17/01/2025;00:00;17/01/2025;24:00
029391;169;20/01/2025;00:00;20/01/2025;24:00
031606;169;16/01/2025;00:00;16/01/2025;24:00
032923;177;14/01/2025;00:00;12/07/2025;24:00
013662;369;01/02/2025;00:00;27/12/2025;24:00
013697;166;31/01/2025;00:00;23/03/2025;24:00
028569;166;31/01/2025;00:00;06/02/2025;24:00
028505;115;03/02/2025;00:00;02/02/2026;24:00
032241;115;03/02/2025;00:00;02/02/2027;24:00
029382;278;03/02/2025;00:00;;24:00
033743;140;23/01/2025;00:00;28/01/2025;24:00
031542;166;24/01/2025;00:00;25/01/2025;24:00
033539;140;29/01/2025;00:00;31/01/2025;24:00
030946;166;29/01/2025;00:00;31/01/2025;24:00
031590;166;30/01/2025;00:00;31/01/2025;24:00
029814;279;27/01/2025;00:00;27/01/2025;24:00
028454;169;27/01/2025;00:00;27/01/2025;24:00
028473;279;31/01/2025;00:00;31/01/2025;24:00
028463;166;27/01/2025;00:00;31/01/2025;24:00
029421;279;29/01/2025;00:00;29/01/2025;24:00
031096;279;23/01/2025;00:00;23/01/2025;24:00
031548;279;30/01/2025;00:00;30/01/2025;24:00
031096;279;30/01/2025;00:00;30/01/2025;24:00
031253;166;23/01/2025;00:00;24/01/2025;24:00
029421;279;28/01/2025;00:00;28/01/2025;24:00
033552;279;24/01/2025;00:00;24/01/2025;24:00
032173;279;28/01/2025;00:00;28/01/2025;24:00
029872;278;01/02/2025;00:00;;24:00
028549;169;03/02/2025;00:00;03/02/2025;24:00
033842;279;07/02/2025;00:00;07/02/2025;24:00
028503;279;05/02/2025;00:00;05/02/2025;24:00
033552;279;03/02/2025;00:00;03/02/2025;24:00
032758;140;30/01/2025;00:00;09/02/2025;24:00
021266;279;03/02/2025;00:00;03/02/2025;24:00
033597;279;03/02/2025;00:00;03/02/2025;24:00
032643;172;06/02/2025;00:00;06/02/2025;24:00
032656;172;10/02/2025;00:00;10/02/2025;24:00
033538;172;07/02/2025;00:00;07/02/2025;24:00
004639;279;29/01/2025;00:00;29/01/2025;24:00
033437;279;27/01/2025;00:00;27/01/2025;24:00
029391;169;03/02/2025;00:00;03/02/2025;24:00
033644;169;05/02/2025;00:00;05/02/2025;24:00
032787;166;29/01/2025;00:00;28/05/2025;24:00
029796;279;29/01/2025;00:00;29/01/2025;24:00
033600;279;29/01/2025;00:00;29/01/2025;24:00
033542;279;29/01/2025;00:00;29/01/2025;24:00
033743;279;31/01/2025;00:00;31/01/2025;24:00
033743;279;30/01/2025;00:00;30/01/2025;24:00
029795;279;29/01/2025;00:00;29/01/2025;24:00
030944;279;29/01/2025;00:00;29/01/2025;24:00
021231;169;28/01/2025;00:00;28/01/2025;24:00
029255;279;30/01/2025;00:00;30/01/2025;24:00
033598;105;10/02/2025;00:00;10/04/2025;24:00
030944;169;31/01/2025;00:00;31/01/2025;24:00
029389;166;23/01/2025;00:00;22/04/2025;24:00
031413;166;21/01/2025;00:00;04/02/2025;24:00
031234;166;20/01/2025;00:00;19/04/2025;24:00
019687;166;01/02/2025;00:00;09/02/2025;24:00
031606;169;31/01/2025;00:00;31/01/2025;24:00
031656;279;28/01/2025;00:00;28/01/2025;24:00
004930;279;28/01/2025;00:00;28/01/2025;24:00
033301;279;24/01/2025;00:00;24/01/2025;24:00
033454;172;29/01/2025;00:00;30/01/2025;24:00
033875;279;28/01/2025;00:00;28/01/2025;24:00
033573;140;27/01/2025;00:00;28/01/2025;24:00
032948;166;22/01/2025;00:00;23/01/2025;24:00
024583;166;21/01/2025;00:00;24/01/2025;24:00
033809;140;23/01/2025;00:00;24/01/2025;24:00
031251;279;24/01/2025;00:00;24/01/2025;24:00
033885;279;24/01/2025;00:00;24/01/2025;24:00
033709;279;28/01/2025;00:00;28/01/2025;24:00
017927;279;24/01/2025;00:00;24/01/2025;24:00
033600;279;27/01/2025;00:00;27/01/2025;24:00
029740;279;24/01/2025;00:00;24/01/2025;24:00
028400;279;24/01/2025;00:00;24/01/2025;24:00
017927;279;27/01/2025;00:00;27/01/2025;24:00
033650;169;27/01/2025;00:00;27/01/2025;24:00
033888;167;26/01/2025;00:00;27/01/2025;24:00
033421;279;10/01/2025;00:00;10/01/2025;24:00
029425;166;13/01/2025;00:00;02/02/2025;24:00
031549;279;21/01/2025;00:00;21/01/2025;24:00
028466;279;23/01/2025;00:00;23/01/2025;24:00
028466;167;08/01/2025;00:00;08/01/2025;24:00
029681;279;17/01/2025;00:00;17/01/2025;24:00
032220;279;17/01/2025;00:00;17/01/2025;24:00
028457;166;08/01/2025;00:00;17/01/2025;24:00
031270;166;13/01/2025;00:00;11/02/2025;24:00
031353;169;21/01/2025;00:00;21/01/2025;24:00
031353;279;20/01/2025;00:00;20/01/2025;24:00
032218;279;20/01/2025;00:00;20/01/2025;24:00
031253;169;08/01/2025;00:00;14/01/2025;24:00
032173;279;22/01/2025;00:00;22/01/2025;24:00
033232;279;24/01/2025;00:00;24/01/2025;24:00
028395;169;22/01/2025;00:00;22/01/2025;24:00
033778;169;23/01/2025;00:00;24/01/2025;24:00
028813;279;17/01/2025;00:00;17/01/2025;24:00
028396;169;22/01/2025;00:00;22/01/2025;24:00
029800;279;21/01/2025;00:00;21/01/2025;24:00
004639;279;21/01/2025;00:00;21/01/2025;24:00
031234;279;17/01/2025;00:00;17/01/2025;24:00
030938;279;21/01/2025;00:00;21/01/2025;24:00
033885;173;21/01/2025;00:00;21/01/2025;24:00
018150;279;09/01/2025;00:00;09/01/2025;24:00
028490;279;17/01/2025;00:00;17/01/2025;24:00
031004;166;23/01/2025;00:00;24/01/2025;24:00
033234;279;05/02/2025;00:00;05/02/2025;24:00
033720;167;24/01/2025;00:00;31/01/2025;24:00
028539;166;03/02/2025;00:00;21/02/2025;24:00
032374;279;04/02/2025;00:00;04/02/2025;24:00
033914;169;03/02/2025;00:00;03/02/2025;24:00
029421;169;03/02/2025;00:00;03/02/2025;24:00
028471;279;06/02/2025;00:00;06/02/2025;24:00
029662;279;07/02/2025;00:00;07/02/2025;24:00
033459;279;03/02/2025;00:00;03/02/2025;24:00
029681;279;03/02/2025;00:00;03/02/2025;24:00
033568;279;31/01/2025;00:00;31/01/2025;24:00
032588;172;02/02/2025;00:00;02/02/2025;24:00
033644;172;01/02/2025;00:00;01/02/2025;24:00
033998;164;14/02/2025;00:00;30/04/2025;24:00
031126;177;11/02/2025;00:00;09/08/2025;24:00
033842;170;10/02/2025;00:00;17/02/2025;24:00
013484;172;14/02/2025;00:00;14/02/2025;24:00
029980;279;11/02/2025;00:00;11/02/2025;24:00
028542;169;01/02/2025;00:00;15/02/2025;24:00
031590;172;12/02/2025;00:00;12/02/2025;24:00
033543;172;11/02/2025;00:00;11/02/2025;24:00
032656;172;12/02/2025;00:00;14/02/2025;24:00
031126;166;30/01/2025;00:00;08/02/2025;24:00
004639;279;10/02/2025;00:00;10/02/2025;24:00
032528;279;06/02/2025;00:00;06/02/2025;24:00
029798;279;05/02/2025;00:00;05/02/2025;24:00
033552;279;12/02/2025;00:00;12/02/2025;24:00
033557;279;06/02/2025;00:00;06/02/2025;24:00
033673;279;06/02/2025;00:00;06/02/2025;24:00
018613;279;07/02/2025;00:00;07/02/2025;24:00
028400;279;13/02/2025;00:00;13/02/2025;24:00
032868;279;10/02/2025;00:00;10/02/2025;24:00
023587;279;12/02/2025;00:00;12/02/2025;24:00
032173;279;06/02/2025;00:00;06/02/2025;24:00
033828;279;10/02/2025;00:00;10/02/2025;24:00
033648;279;07/02/2025;00:00;07/02/2025;24:00
029795;279;11/02/2025;00:00;11/02/2025;24:00
033904;285;05/02/2025;00:00;07/02/2025;24:00
031542;169;12/02/2025;00:00;12/02/2025;24:00
018150;279;11/02/2025;00:00;11/02/2025;24:00
029255;169;07/02/2025;00:00;07/02/2025;24:00
032666;169;07/02/2025;00:00;07/02/2025;24:00
033082;169;05/02/2025;00:00;07/02/2025;24:00
004639;169;07/02/2025;00:00;07/02/2025;24:00
033304;167;13/02/2025;00:00;14/02/2025;24:00
022530;169;07/02/2025;00:00;07/02/2025;24:00
033606;169;10/02/2025;00:00;11/02/2025;24:00
030992;169;06/02/2025;00:00;06/02/2025;24:00
033646;167;05/02/2025;00:00;06/02/2025;24:00
029712;173;07/02/2025;00:00;07/02/2025;24:00
031413;279;12/02/2025;00:00;12/02/2025;24:00
014669;172;12/02/2025;00:00;12/02/2025;24:00
028530;279;05/02/2025;00:00;05/02/2025;24:00
029720;169;11/02/2025;00:00;11/02/2025;24:00
033473;169;03/02/2025;00:00;03/02/2025;24:00
019580;279;10/02/2025;00:00;10/02/2025;24:00
019636;279;10/02/2025;00:00;10/02/2025;24:00
028565;279;11/02/2025;00:00;11/02/2025;24:00
029896;279;10/02/2025;00:00;10/02/2025;24:00
030970;279;10/02/2025;00:00;10/02/2025;24:00
019946;279;11/02/2025;00:00;11/02/2025;24:00
030992;279;03/02/2025;00:00;03/02/2025;24:00
028603;279;11/02/2025;00:00;11/02/2025;24:00
030605;279;11/02/2025;00:00;11/02/2025;24:00
030601;279;03/02/2025;00:00;03/02/2025;24:00
033700;169;03/02/2025;00:00;03/02/2025;24:00
015363;173;07/02/2025;00:00;07/02/2025;24:00
025903;279;07/02/2025;00:00;07/02/2025;24:00
033958;279;04/02/2025;00:00;04/02/2025;24:00
028568;172;14/02/2025;00:00;14/02/2025;24:00
030971;279;06/02/2025;00:00;06/02/2025;24:00
019881;279;06/02/2025;00:00;06/02/2025;24:00
028547;279;07/02/2025;00:00;07/02/2025;24:00
032758;107;10/02/2025;00:00;09/06/2025;24:00
016165;171;14/02/2025;00:00;14/02/2025;24:00
030938;169;14/02/2025;00:00;14/02/2025;24:00
033815;167;13/02/2025;00:00;14/02/2025;24:00
031606;167;13/02/2025;00:00;14/02/2025;24:00
028796;172;17/02/2025;00:00;17/02/2025;24:00
032316;279;29/01/2025;00:00;29/01/2025;24:00
032224;167;13/02/2025;00:00;14/02/2025;24:00
030966;279;12/02/2025;00:00;12/02/2025;24:00
028571;169;07/02/2025;00:00;07/02/2025;24:00
028653;279;07/02/2025;00:00;07/02/2025;24:00
033902;279;13/02/2025;00:00;13/02/2025;24:00
029858;279;12/02/2025;00:00;12/02/2025;24:00
019610;279;14/02/2025;00:00;14/02/2025;24:00
030593;169;13/02/2025;00:00;13/02/2025;24:00
030591;173;07/02/2025;00:00;07/02/2025;24:00
019547;173;07/02/2025;00:00;07/02/2025;24:00
028503;279;12/02/2025;00:00;12/02/2025;24:00
014146;279;07/02/2025;00:00;07/02/2025;24:00
028571;169;11/02/2025;00:00;13/02/2025;24:00
031793;279;13/02/2025;00:00;13/02/2025;24:00
016262;169;10/02/2025;00:00;10/02/2025;24:00
028510;169;10/02/2025;00:00;10/02/2025;24:00
028578;279;13/02/2025;00:00;13/02/2025;24:00
030964;169;17/02/2025;00:00;17/02/2025;24:00
032214;177;10/02/2025;00:00;08/08/2025;24:00
033814;107;10/02/2025;00:00;09/06/2025;24:00
025172;166;28/01/2025;00:00;29/01/2025;24:00
033232;279;18/02/2025;00:00;18/02/2025;24:00
032522;0;10/02/2025;00:00;01/03/2025;24:00
022734;0;06/01/2025;00:00;20/01/2025;24:00
018613;0;02/01/2025;00:00;19/01/2025;24:00
031947;0;13/01/2025;00:00;27/01/2025;24:00
029382;0;02/01/2025;00:00;21/01/2025;24:00
030940;0;06/01/2025;00:00;25/01/2025;24:00
032457;0;02/01/2025;00:00;31/01/2025;24:00
030142;0;02/01/2025;00:00;31/01/2025;24:00
030143;0;02/01/2025;00:00;31/01/2025;24:00
031010;0;03/01/2025;00:00;12/01/2025;24:00
030004;0;16/01/2025;00:00;30/01/2025;24:00
031782;0;15/01/2025;00:00;13/02/2025;24:00
029774;0;02/01/2025;00:00;31/01/2025;24:00
031081;0;01/01/2025;00:00;30/01/2025;24:00
020243;0;01/01/2025;00:00;30/01/2025;24:00
001630;0;01/01/2025;00:00;30/01/2025;24:00
031123;0;01/01/2025;00:00;30/01/2025;24:00
028553;0;01/01/2025;00:00;30/01/2025;24:00
028530;0;01/01/2025;00:00;30/01/2025;24:00
030594;0;01/01/2025;00:00;30/01/2025;24:00
032631;0;01/01/2025;00:00;30/01/2025;24:00
029909;0;01/01/2025;00:00;30/01/2025;24:00
029720;0;01/01/2025;00:00;30/01/2025;24:00
018699;0;01/01/2025;00:00;30/01/2025;24:00
030978;0;01/01/2025;00:00;30/01/2025;24:00
001079;0;01/01/2025;00:00;30/01/2025;24:00
028601;0;01/01/2025;00:00;30/01/2025;24:00
019768;0;01/01/2025;00:00;30/01/2025;24:00
016467;0;01/01/2025;00:00;30/01/2025;24:00
031043;0;01/01/2025;00:00;30/01/2025;24:00
028571;0;01/01/2025;00:00;30/01/2025;24:00
028567;0;01/01/2025;00:00;30/01/2025;24:00
029897;0;01/01/2025;00:00;30/01/2025;24:00
020391;0;01/01/2025;00:00;30/01/2025;24:00
019580;0;01/01/2025;00:00;30/01/2025;24:00
032923;0;01/01/2025;00:00;30/01/2025;24:00
016157;0;01/01/2025;00:00;30/01/2025;24:00
029904;0;01/01/2025;00:00;30/01/2025;24:00
019636;0;01/01/2025;00:00;30/01/2025;24:00
028792;0;01/01/2025;00:00;30/01/2025;24:00
030959;0;01/01/2025;00:00;30/01/2025;24:00
017749;0;01/01/2025;00:00;30/01/2025;24:00
030596;0;01/01/2025;00:00;30/01/2025;24:00
011830;0;01/01/2025;00:00;30/01/2025;24:00
032212;0;01/01/2025;00:00;30/01/2025;24:00
030981;0;01/01/2025;00:00;30/01/2025;24:00
031793;0;01/01/2025;00:00;30/01/2025;24:00
017781;0;01/01/2025;00:00;30/01/2025;24:00
028541;0;01/01/2025;00:00;30/01/2025;24:00
019733;0;01/01/2025;00:00;30/01/2025;24:00
031789;0;01/01/2025;00:00;30/01/2025;24:00
020995;0;01/01/2025;00:00;30/01/2025;24:00
028549;0;01/01/2025;00:00;30/01/2025;24:00
032243;0;01/01/2025;00:00;30/01/2025;24:00
019989;0;01/01/2025;00:00;30/01/2025;24:00
028520;0;01/01/2025;00:00;30/01/2025;24:00
019601;0;01/01/2025;00:00;30/01/2025;24:00
028739;0;01/01/2025;00:00;30/01/2025;24:00
032545;0;01/01/2025;00:00;30/01/2025;24:00
029892;0;01/01/2025;00:00;30/01/2025;24:00
019946;0;01/01/2025;00:00;30/01/2025;24:00
013239;0;01/01/2025;00:00;30/01/2025;24:00
028586;0;01/01/2025;00:00;30/01/2025;24:00
031512;0;01/01/2025;00:00;30/01/2025;24:00
020316;0;01/01/2025;00:00;30/01/2025;24:00
033468;0;01/01/2025;00:00;30/01/2025;24:00
031767;0;01/01/2025;00:00;30/01/2025;24:00
032892;0;01/01/2025;00:00;30/01/2025;24:00
030977;0;01/01/2025;00:00;30/01/2025;24:00
022831;0;01/01/2025;00:00;30/01/2025;24:00
033199;0;01/01/2025;00:00;30/01/2025;24:00
030992;0;01/01/2025;00:00;30/01/2025;24:00
028536;0;01/01/2025;00:00;30/01/2025;24:00
030968;0;01/01/2025;00:00;30/01/2025;24:00
031045;0;01/01/2025;00:00;30/01/2025;24:00
019652;0;01/01/2025;00:00;30/01/2025;24:00
033472;0;01/01/2025;00:00;30/01/2025;24:00
033471;0;01/01/2025;00:00;30/01/2025;24:00
031791;0;01/01/2025;00:00;30/01/2025;24:00
029721;0;01/01/2025;00:00;30/01/2025;24:00
020294;0;01/01/2025;00:00;30/01/2025;24:00
033464;0;01/01/2025;00:00;30/01/2025;24:00
028564;0;01/01/2025;00:00;30/01/2025;24:00
013930;0;01/01/2025;00:00;30/01/2025;24:00
032910;0;01/01/2025;00:00;30/01/2025;24:00
031478;0;01/01/2025;00:00;30/01/2025;24:00
033463;0;01/01/2025;00:00;30/01/2025;24:00
032906;0;01/01/2025;00:00;30/01/2025;24:00
028603;0;01/01/2025;00:00;30/01/2025;24:00
030605;0;01/01/2025;00:00;30/01/2025;24:00
019865;0;01/01/2025;00:00;30/01/2025;24:00
029906;0;01/01/2025;00:00;30/01/2025;24:00
020260;0;01/01/2025;00:00;30/01/2025;24:00
032897;0;01/01/2025;00:00;30/01/2025;24:00
033200;0;01/01/2025;00:00;30/01/2025;24:00
032632;0;01/01/2025;00:00;30/01/2025;24:00
031055;0;01/01/2025;00:00;30/01/2025;24:00
019598;0;01/01/2025;00:00;30/01/2025;24:00
020324;0;01/01/2025;00:00;30/01/2025;24:00
019970;0;01/01/2025;00:00;30/01/2025;24:00
019873;0;01/01/2025;00:00;30/01/2025;24:00
028740;0;01/01/2025;00:00;30/01/2025;24:00
033130;0;01/01/2025;00:00;30/01/2025;24:00
030410;0;01/01/2025;00:00;30/01/2025;24:00
019610;0;01/01/2025;00:00;30/01/2025;24:00
019679;0;01/01/2025;00:00;30/01/2025;24:00
032238;0;01/01/2025;00:00;30/01/2025;24:00
030973;0;01/01/2025;00:00;30/01/2025;24:00
030603;0;01/01/2025;00:00;30/01/2025;24:00
028569;0;01/01/2025;00:00;30/01/2025;24:00
026063;0;01/01/2025;00:00;30/01/2025;24:00
033287;0;01/01/2025;00:00;30/01/2025;24:00
020430;0;01/01/2025;00:00;30/01/2025;24:00
019857;0;01/01/2025;00:00;30/01/2025;24:00
014405;0;01/01/2025;00:00;30/01/2025;24:00
012186;0;01/01/2025;00:00;30/01/2025;24:00
030951;0;01/01/2025;00:00;30/01/2025;24:00
030591;0;01/01/2025;00:00;30/01/2025;24:00
032911;0;01/01/2025;00:00;30/01/2025;24:00
019920;0;01/01/2025;00:00;30/01/2025;24:00
020529;0;01/01/2025;00:00;30/01/2025;24:00
030006;0;01/01/2025;00:00;30/01/2025;24:00
032244;0;01/01/2025;00:00;30/01/2025;24:00
019822;0;01/01/2025;00:00;30/01/2025;24:00
019792;0;01/01/2025;00:00;30/01/2025;24:00
011759;0;01/01/2025;00:00;30/01/2025;24:00
031792;0;01/01/2025;00:00;30/01/2025;24:00
020898;0;01/01/2025;00:00;30/01/2025;24:00
032890;0;01/01/2025;00:00;30/01/2025;24:00
033461;0;01/01/2025;00:00;30/01/2025;24:00
025903;0;01/01/2025;00:00;30/01/2025;24:00
028588;0;01/01/2025;00:00;30/01/2025;24:00
028738;0;01/01/2025;00:00;30/01/2025;24:00
032217;0;01/01/2025;00:00;30/01/2025;24:00
032242;0;01/01/2025;00:00;30/01/2025;24:00
019806;0;01/01/2025;00:00;30/01/2025;24:00
001320;0;01/01/2025;00:00;30/01/2025;24:00
028557;0;01/01/2025;00:00;30/01/2025;24:00
019938;0;01/01/2025;00:00;30/01/2025;24:00
030976;0;01/01/2025;00:00;30/01/2025;24:00
031790;0;01/01/2025;00:00;30/01/2025;24:00
030998;0;01/01/2025;00:00;30/01/2025;24:00
030994;0;01/01/2025;00:00;30/01/2025;24:00
032893;0;01/01/2025;00:00;30/01/2025;24:00
028578;0;01/01/2025;00:00;30/01/2025;24:00
013603;0;01/01/2025;00:00;30/01/2025;24:00
030969;0;01/01/2025;00:00;30/01/2025;24:00
031765;0;01/01/2025;00:00;30/01/2025;24:00
020561;0;01/01/2025;00:00;30/01/2025;24:00
028568;0;01/01/2025;00:00;30/01/2025;24:00
029886;0;01/01/2025;00:00;30/01/2025;24:00
017161;0;01/01/2025;00:00;30/01/2025;24:00
018907;0;01/01/2025;00:00;30/01/2025;24:00
030592;0;01/01/2025;00:00;30/01/2025;24:00
019687;0;01/01/2025;00:00;30/01/2025;24:00
028741;0;01/01/2025;00:00;30/01/2025;24:00
033286;0;01/01/2025;00:00;30/01/2025;24:00
020006;0;01/01/2025;00:00;30/01/2025;24:00
030955;0;01/01/2025;00:00;30/01/2025;24:00
019695;0;01/01/2025;00:00;30/01/2025;24:00
028590;0;01/01/2025;00:00;30/01/2025;24:00
029397;0;01/01/2025;00:00;30/01/2025;24:00
028593;0;01/01/2025;00:00;30/01/2025;24:00
014146;0;01/01/2025;00:00;30/01/2025;24:00
030614;0;01/01/2025;00:00;30/01/2025;24:00
028537;0;01/01/2025;00:00;30/01/2025;24:00
028543;0;01/01/2025;00:00;30/01/2025;24:00
031057;0;01/01/2025;00:00;30/01/2025;24:00
029907;0;01/01/2025;00:00;30/01/2025;24:00
032241;0;01/01/2025;00:00;30/01/2025;24:00
029890;0;01/01/2025;00:00;30/01/2025;24:00
028548;0;01/01/2025;00:00;30/01/2025;24:00
018257;0;01/01/2025;00:00;30/01/2025;24:00
025873;0;01/01/2025;00:00;30/01/2025;24:00
017617;0;01/01/2025;00:00;30/01/2025;24:00
020359;0;01/01/2025;00:00;30/01/2025;24:00
032213;0;01/01/2025;00:00;30/01/2025;24:00
030957;0;01/01/2025;00:00;30/01/2025;24:00
031107;0;01/01/2025;00:00;30/01/2025;24:00
032246;0;01/01/2025;00:00;30/01/2025;24:00
031052;0;01/01/2025;00:00;30/01/2025;24:00
032270;0;01/01/2025;00:00;30/01/2025;24:00
019776;0;01/01/2025;00:00;30/01/2025;24:00
015924;0;01/01/2025;00:00;30/01/2025;24:00
031049;0;01/01/2025;00:00;30/01/2025;24:00
028562;0;01/01/2025;00:00;30/01/2025;24:00
031415;0;01/01/2025;00:00;30/01/2025;24:00
031768;0;01/01/2025;00:00;30/01/2025;24:00
032248;0;01/01/2025;00:00;30/01/2025;24:00
032547;0;01/01/2025;00:00;30/01/2025;24:00
014766;0;01/01/2025;00:00;30/01/2025;24:00
030993;0;01/01/2025;00:00;30/01/2025;24:00
020570;0;01/01/2025;00:00;30/01/2025;24:00
033288;0;01/01/2025;00:00;30/01/2025;24:00
020081;0;01/01/2025;00:00;30/01/2025;24:00
030613;0;01/01/2025;00:00;30/01/2025;24:00
030980;0;01/01/2025;00:00;30/01/2025;24:00
031109;0;01/01/2025;00:00;30/01/2025;24:00
028540;0;01/01/2025;00:00;30/01/2025;24:00
019210;0;01/01/2025;00:00;30/01/2025;24:00
031046;0;01/01/2025;00:00;30/01/2025;24:00
031121;0;01/01/2025;00:00;30/01/2025;24:00
032235;0;01/01/2025;00:00;30/01/2025;24:00
019830;0;01/01/2025;00:00;30/01/2025;24:00
032908;0;01/01/2025;00:00;30/01/2025;24:00
031766;0;01/01/2025;00:00;30/01/2025;24:00
028544;0;01/01/2025;00:00;30/01/2025;24:00
017765;0;01/01/2025;00:00;30/01/2025;24:00
028529;0;01/01/2025;00:00;30/01/2025;24:00
029896;0;01/01/2025;00:00;30/01/2025;24:00
030970;0;01/01/2025;00:00;30/01/2025;24:00
028533;0;01/01/2025;00:00;30/01/2025;24:00
031785;0;01/01/2025;00:00;30/01/2025;24:00
016262;0;01/01/2025;00:00;30/01/2025;24:00
031786;0;01/01/2025;00:00;30/01/2025;24:00
028525;0;01/01/2025;00:00;30/01/2025;24:00
030599;0;01/01/2025;00:00;30/01/2025;24:00
031511;0;01/01/2025;00:00;30/01/2025;24:00
028527;0;01/01/2025;00:00;30/01/2025;24:00
031054;0;01/01/2025;00:00;30/01/2025;24:00
030965;0;01/01/2025;00:00;30/01/2025;24:00
029905;0;01/01/2025;00:00;30/01/2025;24:00
031474;0;01/01/2025;00:00;30/01/2025;24:00
031764;0;01/01/2025;00:00;30/01/2025;24:00
028523;0;01/01/2025;00:00;30/01/2025;24:00
032240;0;01/01/2025;00:00;30/01/2025;24:00
028534;0;01/01/2025;00:00;30/01/2025;24:00
032237;0;01/01/2025;00:00;30/01/2025;24:00
028528;0;01/01/2025;00:00;30/01/2025;24:00
030995;0;01/01/2025;00:00;30/01/2025;24:00
032907;0;01/01/2025;00:00;30/01/2025;24:00
032239;0;01/01/2025;00:00;30/01/2025;24:00
031479;0;01/01/2025;00:00;30/01/2025;24:00
032214;0;01/01/2025;00:00;30/01/2025;24:00
022645;0;01/01/2025;00:00;30/01/2025;24:00
031053;0;01/01/2025;00:00;30/01/2025;24:00
028535;0;01/01/2025;00:00;30/01/2025;24:00
023331;0;01/01/2025;00:00;30/01/2025;24:00
029826;0;01/01/2025;00:00;30/01/2025;24:00
019547;0;01/01/2025;00:00;30/01/2025;24:00
031473;0;01/01/2025;00:00;30/01/2025;24:00
032245;0;01/01/2025;00:00;30/01/2025;24:00
033283;0;01/01/2025;00:00;30/01/2025;24:00
029889;0;01/01/2025;00:00;30/01/2025;24:00
028539;0;01/01/2025;00:00;30/01/2025;24:00
031771;0;01/01/2025;00:00;30/01/2025;24:00
032215;0;01/01/2025;00:00;30/01/2025;24:00
005503;0;01/01/2025;00:00;30/01/2025;24:00
030975;0;01/01/2025;00:00;30/01/2025;24:00
028526;0;01/01/2025;00:00;30/01/2025;24:00
032236;0;01/01/2025;00:00;30/01/2025;24:00
029899;0;01/01/2025;00:00;30/01/2025;24:00
029825;0;01/01/2025;00:00;30/01/2025;24:00
019741;0;01/01/2025;00:00;30/01/2025;24:00
032233;0;01/01/2025;00:00;30/01/2025;24:00
019881;0;01/01/2025;00:00;30/01/2025;24:00
030971;0;01/01/2025;00:00;30/01/2025;24:00
019903;0;01/01/2025;00:00;30/01/2025;24:00
032924;0;01/01/2025;00:00;30/01/2025;24:00
031047;0;01/01/2025;00:00;30/01/2025;24:00
031769;0;01/01/2025;00:00;30/01/2025;24:00
028542;0;01/01/2025;00:00;30/01/2025;24:00
029888;0;01/01/2025;00:00;30/01/2025;24:00
032827;0;01/01/2025;00:00;30/01/2025;24:00
030974;0;01/01/2025;00:00;30/01/2025;24:00
017854;0;01/01/2025;00:00;30/01/2025;24:00
031044;0;01/01/2025;00:00;30/01/2025;24:00
032898;0;01/01/2025;00:00;30/01/2025;24:00
029895;0;01/01/2025;00:00;30/01/2025;24:00
032909;0;01/01/2025;00:00;30/01/2025;24:00
030997;0;01/01/2025;00:00;30/01/2025;24:00
031058;0;01/01/2025;00:00;30/01/2025;24:00
029404;0;01/01/2025;00:00;30/01/2025;24:00
013654;0;01/01/2025;00:00;30/01/2025;24:00
033466;0;01/01/2025;00:00;30/01/2025;24:00
001753;0;01/01/2025;00:00;30/01/2025;24:00
030966;0;01/01/2025;00:00;30/01/2025;24:00
033284;0;01/01/2025;00:00;30/01/2025;24:00
014669;0;01/01/2025;00:00;30/01/2025;24:00
032888;0;01/01/2025;00:00;30/01/2025;24:00
028711;0;01/01/2025;00:00;30/01/2025;24:00
029833;0;01/01/2025;00:00;30/01/2025;24:00
032530;0;01/01/2025;00:00;30/01/2025;24:00
014057;0;01/01/2025;00:00;30/01/2025;24:00
029874;0;01/01/2025;00:00;30/01/2025;24:00
014154;0;01/01/2025;00:00;30/01/2025;24:00
028507;0;01/01/2025;00:00;30/01/2025;24:00
033473;0;01/01/2025;00:00;30/01/2025;24:00
030961;0;01/01/2025;00:00;30/01/2025;24:00
020618;0;01/01/2025;00:00;30/01/2025;24:00
028511;0;01/01/2025;00:00;30/01/2025;24:00
029846;0;01/01/2025;00:00;30/01/2025;24:00
030595;0;01/01/2025;00:00;30/01/2025;24:00
013778;0;01/01/2025;00:00;30/01/2025;24:00
028516;0;01/01/2025;00:00;30/01/2025;24:00
029857;0;01/01/2025;00:00;30/01/2025;24:00
014332;0;01/01/2025;00:00;30/01/2025;24:00
013093;0;01/01/2025;00:00;30/01/2025;24:00
028765;0;01/01/2025;00:00;30/01/2025;24:00
028573;0;01/01/2025;00:00;30/01/2025;24:00
029848;0;01/01/2025;00:00;30/01/2025;24:00
030972;0;01/01/2025;00:00;30/01/2025;24:00
014014;0;01/01/2025;00:00;30/01/2025;24:00
028716;0;01/01/2025;00:00;30/01/2025;24:00
032250;0;01/01/2025;00:00;30/01/2025;24:00
017064;0;01/01/2025;00:00;30/01/2025;24:00
024680;0;01/01/2025;00:00;30/01/2025;24:00
023250;0;01/01/2025;00:00;30/01/2025;24:00
028692;0;01/01/2025;00:00;30/01/2025;24:00
032234;0;01/01/2025;00:00;30/01/2025;24:00
028558;0;01/01/2025;00:00;30/01/2025;24:00
023072;0;01/01/2025;00:00;30/01/2025;24:00
001370;0;01/01/2025;00:00;30/01/2025;24:00
018427;0;01/01/2025;00:00;30/01/2025;24:00
030597;0;01/01/2025;00:00;30/01/2025;24:00
030598;0;01/01/2025;00:00;30/01/2025;24:00
028510;0;01/01/2025;00:00;30/01/2025;24:00
029399;0;01/01/2025;00:00;30/01/2025;24:00
029859;0;01/01/2025;00:00;30/01/2025;24:00
020227;0;01/01/2025;00:00;30/01/2025;24:00
028714;0;01/01/2025;00:00;30/01/2025;24:00
015380;0;01/01/2025;00:00;30/01/2025;24:00
031091;0;01/01/2025;00:00;30/01/2025;24:00
033460;0;01/01/2025;00:00;30/01/2025;24:00
029851;0;01/01/2025;00:00;30/01/2025;24:00
032223;0;01/01/2025;00:00;30/01/2025;24:00
028514;0;01/01/2025;00:00;30/01/2025;24:00
028653;0;01/01/2025;00:00;30/01/2025;24:00
015355;0;01/01/2025;00:00;30/01/2025;24:00
030600;0;01/01/2025;00:00;30/01/2025;24:00
032344;0;01/01/2025;00:00;30/01/2025;24:00
030601;0;01/01/2025;00:00;30/01/2025;24:00
014391;0;01/01/2025;00:00;30/01/2025;24:00
013697;0;01/01/2025;00:00;30/01/2025;24:00
029878;0;01/01/2025;00:00;30/01/2025;24:00
016718;0;01/01/2025;00:00;30/01/2025;24:00
030602;0;01/01/2025;00:00;30/01/2025;24:00
014260;0;01/01/2025;00:00;30/01/2025;24:00
028597;0;01/01/2025;00:00;30/01/2025;24:00
032895;0;01/01/2025;00:00;30/01/2025;24:00
029858;0;01/01/2025;00:00;30/01/2025;24:00
028737;0;01/01/2025;00:00;30/01/2025;24:00
033128;0;01/01/2025;00:00;30/01/2025;24:00
028708;0;01/01/2025;00:00;30/01/2025;24:00
016416;0;01/01/2025;00:00;30/01/2025;24:00
029842;0;01/01/2025;00:00;30/01/2025;24:00
032887;0;01/01/2025;00:00;30/01/2025;24:00
030604;0;01/01/2025;00:00;30/01/2025;24:00
029847;0;01/01/2025;00:00;30/01/2025;24:00
020642;0;01/01/2025;00:00;30/01/2025;24:00
030593;0;01/01/2025;00:00;30/01/2025;24:00
013611;0;01/01/2025;00:00;30/01/2025;24:00
030937;0;01/01/2025;00:00;30/01/2025;24:00
015363;0;01/01/2025;00:00;30/01/2025;24:00
015169;0;01/01/2025;00:00;30/01/2025;24:00
020286;0;01/01/2025;00:00;30/01/2025;24:00
013913;0;01/01/2025;00:00;30/01/2025;24:00
028689;0;01/01/2025;00:00;30/01/2025;24:00
030607;0;01/01/2025;00:00;30/01/2025;24:00
028502;0;01/01/2025;00:00;30/01/2025;24:00
029837;0;01/01/2025;00:00;30/01/2025;24:00
029980;0;01/01/2025;00:00;30/01/2025;24:00
013662;0;01/01/2025;00:00;30/01/2025;24:00
018966;0;01/01/2025;00:00;30/01/2025;24:00
013816;0;01/01/2025;00:00;30/01/2025;24:00
028545;0;01/01/2025;00:00;30/01/2025;24:00
029398;0;01/01/2025;00:00;30/01/2025;24:00
029406;0;01/01/2025;00:00;30/01/2025;24:00
029866;0;01/01/2025;00:00;30/01/2025;24:00
032312;0;01/01/2025;00:00;30/01/2025;24:00
029881;0;01/01/2025;00:00;30/01/2025;24:00
020502;0;01/01/2025;00:00;30/01/2025;24:00
033476;0;01/01/2025;00:00;30/01/2025;24:00
028718;0;01/01/2025;00:00;30/01/2025;24:00
030608;0;01/01/2025;00:00;30/01/2025;24:00
033517;0;01/01/2025;00:00;30/01/2025;24:00
024672;0;01/01/2025;00:00;30/01/2025;24:00
028515;0;01/01/2025;00:00;30/01/2025;24:00
015100;0;01/01/2025;00:00;30/01/2025;24:00
029852;0;01/01/2025;00:00;30/01/2025;24:00
032222;0;01/01/2025;00:00;30/01/2025;24:00
028449;0;02/01/2025;00:00;31/01/2025;24:00
033024;0;06/01/2025;00:00;04/02/2025;24:00
022491;0;02/01/2025;00:00;31/01/2025;24:00
032521;0;06/01/2025;00:00;04/02/2025;24:00
028505;0;01/01/2025;00:00;30/01/2025;24:00
032894;0;01/01/2025;00:00;30/01/2025;24:00
032889;0;01/01/2025;00:00;30/01/2025;24:00
019539;0;01/01/2025;00:00;30/01/2025;24:00
032901;0;01/01/2025;00:00;30/01/2025;24:00
029442;0;01/01/2025;00:00;30/01/2025;24:00
033474;0;01/01/2025;00:00;30/01/2025;24:00
013590;0;01/01/2025;00:00;30/01/2025;24:00
028519;0;01/01/2025;00:00;30/01/2025;24:00
032375;0;01/01/2025;00:00;30/01/2025;24:00
028713;0;01/01/2025;00:00;30/01/2025;24:00
032225;0;01/01/2025;00:00;30/01/2025;24:00
030471;0;01/01/2025;00:00;30/01/2025;24:00
031034;0;01/01/2025;00:00;30/01/2025;24:00
029855;0;01/01/2025;00:00;30/01/2025;24:00
017528;0;01/01/2025;00:00;30/01/2025;24:00
029835;0;01/01/2025;00:00;30/01/2025;24:00
028547;0;01/01/2025;00:00;30/01/2025;24:00
032783;0;01/01/2025;00:00;30/01/2025;24:00
028503;0;01/01/2025;00:00;30/01/2025;24:00
032546;0;01/01/2025;00:00;30/01/2025;24:00
014677;0;01/01/2025;00:00;30/01/2025;24:00
019059;0;01/01/2025;00:00;30/01/2025;24:00
033475;0;01/01/2025;00:00;30/01/2025;24:00
029834;0;01/01/2025;00:00;30/01/2025;24:00
028508;0;01/01/2025;00:00;30/01/2025;24:00
033465;0;01/01/2025;00:00;30/01/2025;24:00
012119;0;01/01/2025;00:00;30/01/2025;24:00
030610;0;01/01/2025;00:00;30/01/2025;24:00
018192;0;01/01/2025;00:00;30/01/2025;24:00
030612;0;01/01/2025;00:00;30/01/2025;24:00
030987;0;01/01/2025;00:00;30/01/2025;24:00
032891;0;01/01/2025;00:00;30/01/2025;24:00
030964;0;01/01/2025;00:00;30/01/2025;24:00
031621;0;01/01/2025;00:00;30/01/2025;24:00
028408;0;01/01/2025;00:00;30/01/2025;24:00
032216;0;01/01/2025;00:00;30/01/2025;24:00
013620;0;01/01/2025;00:00;30/01/2025;24:00
013840;0;01/01/2025;00:00;30/01/2025;24:00
029983;0;06/01/2025;00:00;04/02/2025;24:00
032535;0;03/01/2025;00:00;20/01/2025;24:00
032799;0;06/01/2025;00:00;04/02/2025;24:00
028489;0;02/01/2025;00:00;31/01/2025;24:00
030904;0;06/01/2025;00:00;04/02/2025;24:00
032913;0;02/01/2025;00:00;31/01/2025;24:00
030157;0;02/01/2025;00:00;31/01/2025;24:00
032430;0;06/01/2025;00:00;04/02/2025;24:00
033285;0;01/01/2025;00:00;30/01/2025;24:00
021070;0;06/01/2025;00:00;04/02/2025;24:00
029789;0;10/01/2025;00:00;08/02/2025;24:00
033038;0;13/01/2025;00:00;11/02/2025;24:00
028439;0;06/01/2025;00:00;25/01/2025;24:00
033064;0;07/01/2025;00:00;16/01/2025;24:00
033405;0;06/01/2025;00:00;04/02/2025;24:00
033322;0;20/01/2025;00:00;18/02/2025;24:00
022467;0;06/01/2025;00:00;20/01/2025;24:00
028755;0;06/01/2025;00:00;20/01/2025;24:00
031781;0;07/01/2025;00:00;05/02/2025;24:00
031252;0;06/01/2025;00:00;04/02/2025;24:00
031388;0;06/01/2025;00:00;04/02/2025;24:00
021320;0;15/01/2025;00:00;13/02/2025;24:00
032324;0;06/01/2025;00:00;25/01/2025;24:00
029797;0;21/01/2025;00:00;04/02/2025;24:00
027227;0;02/01/2025;00:00;31/01/2025;24:00
032537;0;09/01/2025;00:00;07/02/2025;24:00
030984;0;20/01/2025;00:00;18/02/2025;24:00
033404;0;20/02/2025;00:00;01/03/2025;24:00
028425;0;20/01/2025;00:00;18/02/2025;24:00
029659;0;16/01/2025;00:00;30/01/2025;24:00
028456;0;15/01/2025;00:00;13/02/2025;24:00
021983;0;15/01/2025;00:00;13/02/2025;24:00
030988;0;02/02/2025;00:00;16/02/2025;24:00
032228;0;20/01/2025;00:00;18/02/2025;24:00
033420;0;20/01/2025;00:00;18/02/2025;24:00
003543;0;20/01/2025;00:00;18/02/2025;24:00
028764;0;15/01/2025;00:00;13/02/2025;24:00
029427;0;15/01/2025;00:00;13/02/2025;24:00
029675;0;15/01/2025;00:00;13/02/2025;24:00
029428;0;15/01/2025;00:00;13/02/2025;24:00
028470;0;15/01/2025;00:00;13/02/2025;24:00
021789;0;20/01/2025;00:00;18/02/2025;24:00
032534;0;01/02/2025;00:00;02/03/2025;24:00
031001;0;30/01/2025;00:00;28/02/2025;24:00
031520;0;03/02/2025;00:00;04/03/2025;24:00
018362;0;15/02/2025;00:00;16/03/2025;24:00
028431;0;03/02/2025;00:00;12/02/2025;24:00
012534;0;16/01/2025;00:00;14/02/2025;24:00
032899;0;12/02/2025;00:00;26/02/2025;24:00
030007;0;03/02/2025;00:00;04/03/2025;24:00
033532;0;03/02/2025;00:00;04/03/2025;24:00
028587;0;25/01/2025;00:00;23/02/2025;24:00
031781;0;06/02/2025;00:00;07/03/2025;24:00
029408;0;17/02/2025;00:00;18/03/2025;24:00
031270;0;17/02/2025;00:00;18/03/2025;24:00
028395;0;03/02/2025;00:00;04/03/2025;24:00
033608;0;10/02/2025;00:00;11/03/2025;24:00
029432;0;31/01/2025;00:00;01/03/2025;24:00
033455;0;18/02/2025;00:00;19/03/2025;24:00
029823;0;17/02/2025;00:00;18/03/2025;24:00
031353;0;17/02/2025;00:00;18/03/2025;24:00
028448;0;17/02/2025;00:00;18/03/2025;24:00
031257;0;17/02/2025;00:00;18/03/2025;24:00
021975;0;17/02/2025;00:00;18/03/2025;24:00
029785;0;10/02/2025;00:00;24/02/2025;24:00
029810;0;17/02/2025;00:00;18/03/2025;24:00
030100;0;13/02/2025;00:00;14/03/2025;24:00
031325;0;14/02/2025;00:00;28/02/2025;24:00
029734;0;06/01/2025;00:00;04/02/2025;24:00
003241;0;06/01/2025;00:00;20/01/2025;24:00
031524;0;06/01/2025;00:00;04/02/2025;24:00
029395;0;06/01/2025;00:00;04/02/2025;24:00
033345;0;06/01/2025;00:00;04/02/2025;24:00
033308;0;02/01/2025;00:00;31/01/2025;24:00
028458;0;20/01/2025;00:00;18/02/2025;24:00
000935;0;06/01/2025;00:00;04/02/2025;24:00
017390;0;06/01/2025;00:00;04/02/2025;24:00
032374;0;06/01/2025;00:00;20/01/2025;24:00
029804;0;17/01/2025;00:00;31/01/2025;24:00
030985;0;01/01/2025;00:00;30/01/2025;24:00
032553;0;02/01/2025;00:00;31/01/2025;24:00
030939;0;06/01/2025;00:00;04/02/2025;24:00
029411;0;06/01/2025;00:00;04/02/2025;24:00
031011;0;06/01/2025;00:00;04/02/2025;24:00
031339;0;02/01/2025;00:00;31/01/2025;24:00
028476;0;07/01/2025;00:00;21/01/2025;24:00
021827;0;02/01/2025;00:00;31/01/2025;24:00
030949;0;02/01/2025;00:00;31/01/2025;24:00
030935;0;06/01/2025;00:00;25/01/2025;24:00
029809;0;02/01/2025;00:00;31/01/2025;24:00
032524;0;07/01/2025;00:00;05/02/2025;24:00
021061;0;13/01/2025;00:00;11/02/2025;24:00
029676;0;20/01/2025;00:00;18/02/2025;24:00
